{"learning_rate": 0.00014610648647933147, "lstm_units": 384, "num_heads": 4, "dropout_rate": 0.30000000000000004}